{
  "processors": [
    {
      "rules": [
        {
          "output_state": {
            "Properties":{
              "age":"2"
            }
            "Name": "minecraft:sweet_berry_bush"
          },
          "input_predicate": {
            "block": "minecraft:grass",
            "probability": 0.1,
            "predicate_type": "minecraft:random_block_match"
          },
          "location_predicate": {
            "predicate_type": "minecraft:always_true"
          }
        },
        {
          "output_state": {
            "Properties":{
              "age":"4"
            }
            "Name": "minecraft:sweet_berry_bush"
          },
          "input_predicate": {
            "block": "minecraft:grass",
            "probability": 0.1,
            "predicate_type": "minecraft:random_block_match"
          },
          "location_predicate": {
            "predicate_type": "minecraft:always_true"
          }
        }
      ],
      "processor_type": "minecraft:rule"
    }
  ]
}
