{
  "type": "minecraft:overworld",
  "generator": {
    "seed": -1000,
    "settings": "minecraft:overworld",
    "type": "minecraft:noise",
    "biome_source": {
      "seed": -1000,
      "type": "minecraft:multi_noise",
      "temperature_noise": {
        "firstOctave": -7,
        "amplitudes": [
          1.0,
          1.0
        ]
      },
      "humidity_noise": {
        "firstOctave": -7,
        "amplitudes": [
          1.0,
          1.0
        ]
      },
      "altitude_noise": {
        "firstOctave": -7,
        "amplitudes": [
          1.0,
          1.0
        ]
      },
      "weirdness_noise": {
        "firstOctave": -7,
        "amplitudes": [
          1.0,
          1.0
        ]
      },
      "biomes": [
        {
          "biome": "minecraft:ocean",
          "parameters": {
            "altitude": 0,
            "temperature": 0,
            "humidity": 0,
            "weirdness": 0,
            "offset": 0
          }
        },
        {
          "biome": "minecraft:deep_ocean",
          "parameters": {
            "altitude": 0,
            "temperature": 0,
            "humidity": 0.05,
            "weirdness": 0,
            "offset": 0
          }
        },
        {
          "biome": "minecraft:frozen_ocean",
          "parameters": {
            "altitude": 0,
            "temperature": -1.6,
            "humidity": -1.2,
            "weirdness": 0,
            "offset": 0.3
          }
        },
        {
          "biome": "minecraft:deep_frozen_ocean",
          "parameters": {
            "altitude": 0,
            "temperature": -1.4,
            "humidity": -1,
            "weirdness": 0,
            "offset": 0.3
          }
        },
        {
          "biome": "minecraft:cold_ocean",
          "parameters": {
            "altitude": 0,
            "temperature": -0.2,
            "humidity": -0.3,
            "weirdness": 0,
            "offset": 0
          }
        },
        {
          "biome": "minecraft:deep_cold_ocean",
          "parameters": {
            "altitude": 0,
            "temperature": -0.2,
            "humidity": -0.325,
            "weirdness": 0,
            "offset": 0
          }
        },
        {
          "biome": "minecraft:lukewarm_ocean",
          "parameters": {
            "altitude": 0,
            "temperature": 0.2,
            "humidity": 0.1,
            "weirdness": 0,
            "offset": 0
          }
        },
        {
          "biome": "minecraft:deep_lukewarm_ocean",
          "parameters": {
            "altitude": 0,
            "temperature": 0.2,
            "humidity": 0.15,
            "weirdness": 0,
            "offset": 0
          }
        },
        {
          "biome": "minecraft:warm_ocean",
          "parameters": {
            "altitude": 0,
            "temperature": 0.3,
            "humidity": 0.3,
            "weirdness": 0,
            "offset": 0
          }
        },
        {
          "biome": "minecraft:deep_warm_ocean",
          "parameters": {
            "altitude": 0,
            "temperature": 0.3,
            "humidity": 0.35,
            "weirdness": 0,
            "offset": 0
          }
        },
        {
          "biome": "minecraft:forest",
          "parameters": {
            "altitude": 0.2,
            "temperature": 1,
            "humidity": 1,
            "weirdness": 0,
            "offset": 0
          }
        },
        {
          "biome": "minecraft:wooded_hills",
          "parameters": {
            "altitude": 0.4,
            "temperature": 1,
            "humidity": 1,
            "weirdness": 0,
            "offset": 0
          }
        },
        {
          "biome": "minecraft:desert",
          "parameters": {
            "altitude": 0,
            "temperature": 1.5,
            "humidity": -1,
            "weirdness": 0,
            "offset": 0
          }
        },
        {
          "biome": "minecraft:savanna",
          "parameters": {
            "altitude": 0,
            "temperature": 1.25,
            "humidity": -1,
            "weirdness": 0.5,
            "offset": 0
          }
        },
        {
          "biome": "minecraft:tall_birch_forest",
          "parameters": {
            "altitude": 0.1,
            "temperature": 1,
            "humidity": 0.8,
            "weirdness": 1,
            "offset": 0
          }
        },
        {
          "biome": "minecraft:dark_forest",
          "parameters": {
            "altitude": 0,
            "temperature": 1,
            "humidity": 1.2,
            "weirdness": 0.3,
            "offset": 0
          }
        },
        {
          "biome": "minecraft:plains",
          "parameters": {
            "altitude": 0,
            "temperature": 1,
            "humidity": 1,
            "weirdness": 0.3,
            "offset": 0.2
          }
        },
        {
          "biome": "minecraft:mushroom_field_shore",
          "parameters": {
            "altitude": 0,
            "temperature": 2,
            "humidity": 2,
            "weirdness": 1,
            "offset": 0.4
          }
        },
        {
          "biome": "minecraft:mountains",
          "parameters": {
            "altitude": 0,
            "temperature": -1,
            "humidity": -0.7,
            "weirdness": 0.2,
            "offset": 0.2
          }
        }
      ]
    }
  }
}
